cat,label,review
书籍,1,做父母一定要有刘墉这样的心态，不断地学习，不断地进步，不断地给自己补充新鲜血液，让自己保持一颗年轻的心。我想，这是他能很好的和孩子沟通的一个重要因素。读刘墉的文章，总能让我看到一个快乐的平易近人的父亲，他始终站在和孩子同样的高度，给孩子创造着一个充满爱和自由的生活环境。很喜欢刘墉在字里行间流露出的做父母的那种小狡黠，让人总是忍俊不禁，父母和子女之间有时候也是一种战斗，武力争斗过于低级了，智力较量才更有趣味。所以，做父母的得加把劲了，老思想老观念注定会一败涂地，生命不息，学习不止。家庭教育，真的是乐在其中。
书籍,1,作者真有英国人严谨的风格，提出观点、进行论述论证，尽管本人对物理学了解不深，但是仍然能感受到真理的火花。整本书的结构颇有特点，从当时（本书写于八十年代）流行的计算机话题引入，再用数学、物理学、宇宙学做必要的铺垫——这些内容占据了大部分篇幅，最后回到关键问题：电脑能不能代替人脑。和现在流行的观点相反，作者认为人的某种“洞察”是不能被算法模拟的。也许作者想说，人的灵魂是无可取代的。
书籍,1,作者长篇大论借用详细报告数据处理工作和计算结果支持其新观点。为什么荷兰曾经县有欧洲最高的生产率？为什么在文化上有着深刻纽带关系的中国和日本却在经济发展上有着极大的差异？为什么英国的北美殖民地造就了经济强大的美国，而西班牙的北美殖民却造就了范后的墨西哥？……很有价值，但不包括【中国近代史专业】。
书籍,1,作者在战几时之前用了＂拥抱＂令人叫绝．日本如果没有战败，就有会有美军的占领，没胡官僚主义的延续，没有战后的民发反思，没有～，就不会让日本成为一个经济强国．当然，美国人也给日本人带来了耻辱．对日中关系也造成了深远的影响．文中揭露了＂东京审判＂中很多鲜为人知的东西．让人惊醒．唉！中国人民对日本的了解是不是太少了．
书籍,1,作者在少年时即喜阅读，能看出他精读了无数经典，因而他有一个庞大的内心世界。他的作品最难能可贵的有两点，一是他的理科知识不错，虽不能媲及罗素，但与理科知识很差的作家相比，他的文章可读性要强；其二是他人格和文风的朴实，不造作，不买弄，让人喜欢。读他的作品，犹如听一个好友和你谈心，常常唤起心中的强烈的共鸣。他的作品90年后的更好些。衷心祝愿周国平健康快乐，为世人写出更多好作品。
书籍,1,作者有一种专业的谨慎，若能有幸学习原版也许会更好，简体版的书中的印刷错误比较多，影响学者理解，全书结构简单，但内容详实，学起来如鱼得水非常轻松。这只是一项技术而已，若可以结合本专业，将会得到更高的学习快乐，家财万贯不如一技在身，一技在身不如一念在心，本书有不仅有技，而且有念。书中佳品。
书籍,1,作者用诗一样的语言把如水般清澈透明的思想娓娓道来，像一个经验丰富的智慧老人为我们解开一个又一个人生的难题，让我们超越自发的自己和世俗的观念，引导着我们走向光明、理性的彼岸。尤其让人惊叹的是，在那样早的年代，作者对一些心理问题居然有那样深的体会，对一些人生问题能够分析得那样的深刻透彻！确实是非常难能可贵的！较之前一本罗马皇帝的《沉思录》不知要高明多少倍，直如天壤之别！
书籍,1,作者提出了一种工作和生活的方式，作为咨询界的元老，不仅能提出理念，而且能够身体力行地实践，并且提出具体的步骤，展现的是一种自然的生活态度，一种劳役结合、张弛有度的生活方式。作者提出的观点引入了欧美人乐观的生活方式，并且结合现在日本的社会状况和生存环境，提出了一种切实可行的生活历程，其实这些观点同样也适用于现在正在步日本后尘的中国人，会玩才会幸福。
书籍,1,作者妙语连珠，将整个60-70年代用层出不穷的摇滚巨星与自身故事紧紧相连什么是乡愁？什么是摇滚？那是一种特立独行看似高傲实则温暖的姿态那是一种绝世独立下深深的孤单与不甘文字和音乐当两种忧愁相互碰撞的时候才会激起读者心中的相同感受，无论何时，世界在变，我们的偶像在慢慢老去那个曾经年华不老的时代已然飘去。于是摇滚，成了最让人痛彻心扉的蓝调
书籍,1,作者逻辑严密，一气呵成。没有一句废话，深入浅出，循循善诱，环环相扣。让平日里看到指标图释就头疼的我竟然大有拨云见日，醍醐灌顶之感。果不出所料，占豪的黄金游戏，值得期待！
书籍,1,作者力从马克思注意经济学角度来剖析当代中国经济细心的人会发现中国近20年来的一些政策措施在何新先生的文章里找到蛛丝马迹作者早在2001年就预言十年内世界会爆发大规模金融危机这非常难得原因来自与作者本人的数据统计及其严密的逻辑推理能与国家发展大计作为自己重任的知识分子现在并不多见了看看那些上市公司的独立懂事就知道了我认为何先生是了不起的知识分子
书籍,1,作者结合希尔和卡耐基、汪中求等大师的一些观点，结合中国的实际情况，给渴望成功的青年指出一条实实在在的路。我也看过不少成功学著作，只有这本书的作者是企业家，感觉他说得比较实在，其实我们也不指望成功就一定要和比尔盖茨比，能实现自己的小小梦想就行。如果说希尔等人的著作是习武的总纲，还需要你研究推敲一下，那这本书就是本武林秘笈，你只要照着练就行了，至于成龙成虫，就看你练得如何。
书籍,1,作者更多的是从圆圆母亲的角度来写这个文章。90%的例子都是以圆圆为中心的。我认为，例证不够充分，毕竟每个孩子都很不一样，而且很明显，虽然作者一再强调是教育的原因，但不可否认，圆圆的聪明和乖巧也是有目共睹的。换个男孩，肯定是没有这么轻松的。总的来说，作者列举的都是一些生活中的例子，确实很有代表性，教育方向及思路非常明确，应该学习！！一个好妈妈的教育笔记，可以推荐给家中迂腐的老人。
书籍,1,作者对于某些电影“表面粗糙”、“内里光滑”的分析，可谓入木三分，为理解那些貌似触及现实而又让人觉得哪里不对劲的影片提供了一个清醒的视角。这个角度在导演来说也许是讳莫如深的，也许是不自觉的。而不管是回避还是无意识，这种对于现状的屈服都是有害于艺术真诚的，或者他们所做本来就与艺术无关。
书籍,1,作者的理念很好，主要是看一个公司的内部情况来决定股票的情况。操作比较难，作者也承认，所以他说还是让基金经理来做书中的事情吧。对我启发不是在于买股票，而且如何做企业，如何培养员工；我想刚毕业找工作的学生应该看看，你到底应该区一个什么样的企业工作；以后会当老板的，也应该看看，如何对待员工，如何对待企业等等。作为股票类的书，我觉得应该是三星；但它给了我其它方面的启发，所以加了一个星。
书籍,1,作者的观点独特，语言犀利，深刻的总结了男人与女人之间的是非恩怨，把男人与女人在生活中积累的宿怨一语道破---原来非本质问题，而是双方本能。此书不足之处乃后面章节雷同，越看越有寡味之感，但是还是要感谢作者带我们游览一次男人、女人的本能世界！呵呵，建议读者可以看一看，有则改之，无则加勉！！
书籍,1,作者的笔触很真实 将一个不忠却又深爱自己妻子的丈夫形象毫无遮掩的展示给读者 而什么是真爱 什么是灵魂的永远缠绕相守 是看过这本书的人不得不思考的问题在这本书中 了解了生命将逝却无能为力所承受的艰辛 对安乐死也有些了解最后章节的那句我们已经不再相信坏运气了，坏运气不存在，运气不存在。相信运气是对生命的侮辱。多么坚韧的人性之美。
书籍,1,作者笔下留情啊，深圳的自由作家远远没有《离婚未遂》笔下那么潇洒。事实上，深圳是一个典型的伪文化城市。没有文学院，歌舞团被解散，越剧团正解散，深圳不是文人的立身之地啊。但是，小说确实不错。所以，我仍然强烈推荐
书籍,1,作者被认为是“爱的奇迹天使”，确实是这样的。很多人认为与孩子的相处一定充满快乐，但却不知一份责任让这种快乐有时并不一定以微笑的方式出现。作者很真实的反映了与孩子相处中的真实，虽然是在读她的“故事”，却感觉心和她在一起。同样的，我很庆幸自己从事一份与孩子生活的工作，这工作让我拥有美妙的人生。
书籍,1,作为有史以来最伟大的基金经理彼得&#183;林奇凭借其在投资领域杰出的贡献，终其一生的经验和智慧，书写了这本《彼得&#183;林奇的成功投资》。这本书可以说是广大的业余投资者的福音，书中不仅讲述了业余投资者投资入门的基础知识，而且还深刻精辟的分析了业余投资者最常见的投资心理误区以及投资陷阱等，是一套最实用、最有效的股票投资方面的专业书籍，让人读后深受启发。
书籍,1,作为一名山西太谷人，从小听多了有关晋商的故事，也去过许多山西的地方，但由于离家已久，故乡渐渐地模糊起来，不是山水，而是那一段段历史。想向人推荐或向人解说，却尴尬的发现，有许多东西已记不准确，近年来走的地方多，发现对于他乡的知识已超过故乡。于是诚惶诚怕的找来故乡的相关书籍进行系统的复习。这本书对各地的介绍虽然不够详细，但这种风格及语言却是我非常喜欢的，它使我重温了记忆中的故乡，增强了我对故乡历史的熟悉，更增加了一种作为客居异乡的山西人的自豪。我希望能跟着本书的脚步去重新游走故乡的山水。
书籍,1,作为一名“白骨精”，我不得不佩服作者入木三分的刻画，不仅精准地描绘出我们的生活画面，更深刻地揭露了我们内心的挣扎与困顿。确实，是一部当代白骨精们的写照！写出了职场的竞争，写出了雇佣与被雇佣的现实。笔锋平实，清澈，是好作品。看着看着，便感觉自己也渐渐地深入到这个故事中，和你一起在职场中打拼，在感情中沉浮。泪，也一次又一次地润了眼眶……
书籍,1,作为一本职场启示录，不错没有像杜拉拉一样的引入胜的故事，却也用轻松的方式告诉你，如何在职场中生存如何能越爬越高用简洁明了的图形模式，刻画出了身在职场所需的“职场氦气”让人跃跃欲试至于为什么要叫“星巴克职场启示录”个人认为有一点打广告的嫌疑在里面，跟STARBUCKS似乎没有太大牵连美中不足，有些地方的阐述不够详尽，需要自己不断揣磨
书籍,1,作为一本屹立不倒的经典教材，纽摄所传授的不是单纯的技术，而是理念。不是教条的灌输，而是互动性的思考。从书的内容上品评，虽说部分内容对于数码影像发达的今天有些过时，但是，摄影作为一门技术性行业的本质是不会变的，对于摄影的创作，人的理念才是造就一张好照片的决定所在，在当今这个各种所谓的“主题摄影”泛滥的时代，什么才是我们真正乐于接受的“好照片”呢？值得回到原点，去思索~
书籍,1,作为一本西方人创作的心理学读物，还是以西方人的视角来看待问题的方式来阐述，目前刚刚开始读，但是感觉到作者对事物的描述还是偏西方化的。西方人观察事物喜欢抓重点，而东方人的习惯比较抓整体。这是开始读这本读物的感觉。不过西方的开放式教育模式，给这本重点教材添加了无与伦比的趣味性，和我国的教材体制有明显的不同。个人认为还是非常值得一读的好书。
书籍,1,作为推理小说可能不是最好的，作为言情小说可能也不是最好的。但是结合在一起却很让人惊奇。羡慕那样的爱情和那样的生活，也许所有的杀人犯都有自己很心酸的一段生活一段历程。那是一种常人所无法理解的痛苦和无助，如果他们能得到一份爱也许真的会有更好的生活。元元和陆劲的爱情能有情人终成眷属真的是一件很欣慰的事情，无论生活在什么地方什么环境的人，都要找到自己能付出可以付出一切的那个人。
书籍,1,作为女儿6.1的礼物。虽然晚到了几天。等拿到的时候，女儿爱不释手，上洗手间也看，告知不好。竟以学习毛主席来反驳我。我反对了几句，还说我对主席不敬。晕。上周末，告诉我她把火鞋和风鞋拿到学校，好多同学羡慕她。呵呵，我也看了其中的人鸦，只可惜没有看完就在老公的催促下睡了。说了这么多，归纳为一句：这套书买的值。
书籍,1,作为妈妈，我个人很喜欢这本书，但是仍在怀疑这本书是否适合给孩子看？这本书以孩子的视角观看我们的生活、并以幽默的口吻讲述，实在有趣又发人深省。对于经常加班感到疲惫的我，最近拿这本书作为精神放松和愉悦心灵的良品，睡前看一段，总忍不住呵呵地轻笑；而同时不必刻意，就反省到了：自己如同尼古拉的父母一般，同样存在着很多可笑的自我矛盾呢。这本书好像给大人的教育意义更大些呢，呵呵~~
书籍,1,昨晚看着看着就睡着了，今天早晨醒来就立马抓起继续啃，正逢小说结尾部分，也正如作者的期望，我被吓了一跳。这是我读东野圭吾小说最意料不到的事实。爱有很多种，可是当它变成某种负担时，还算爱吗？爱有多种表现形式，当某种行为让对方感觉负罪时，这还能叫做爱吗？爱可以很长久，当这种永恒变成一种恶梦时，还能归于最初的爱吗？爱可以深入骨髓，无法割除，当它接受无法预知的变数时，还能始终如一吗？
书籍,1,昨天我把这套书看完了，结尾我不是很喜欢有点太戏剧了，但对书中的主人公却是最好的安排，我去过新疆，但是因为时间太短加之新疆的地域有点过于广阔所以好多的地方都没去成，看完这本书之后我又有了去新疆的念头，也因为深深的喜欢上了这个帅哥和尚，也找了几本佛经看看，就是有点看不懂，慢慢来吧，小春继续你的写作，我支持你
书籍,1,昨天晚上看完了，此书揭开了猎头的神秘面纱，将猎头与HR的运作展现在人们面前。以小说的形式，将猎头的工作展现开来，期间穿插有关猎头的叙述，受益匪浅。主人公是一个极富正义感的、信守承诺的、优秀的、有才华的人物，他看穿了世事的虚浮，寻找着一片宁静的内心世界。故事结尾又未免过于伤感，失去至亲至爱的人，表现出来他最最脆弱的一面，仿佛感受到他撕心裂肺的伤痛。期待续的出版。
书籍,1,昨天带宝宝在朋友的小区玩。有工人正在植树，宝宝目不转睛地观察着。妈妈告诉宝宝，他们正在种树呢。宝宝没有吭声。过了一会儿，爸爸过来了，爸爸问，他们在干什么。宝宝说，他们正在挖宝藏。哈哈，宝宝准是想起了弗洛格带着小熊一起挖宝藏的故事。感谢可爱的小青蛙弗洛格，给了宝宝丰富的想象力，一个多彩美丽的世界。
书籍,1,最真实与实用的白领成长故事，也是目前为止我所读过的最深刻的白领生活工作的总结。看了不但受益匪浅，而且觉得过瘾、振奋，为中国有这样优秀的打工人而自豪。看了确实有：“...让我回忆最多的，却不是人生旅途里这些成功的瞬间，而是那些刻骨铭心的失败或挫折...”它展示地是一个真实与真诚的人，一个真心与你分享如何才能成功，而不是一个天才的故事、打工的神仙。强烈推荐！
书籍,1,最早认识张曼娟，是在张清芳的CD上边，作为一位写词人。细腻的文字连歌词也写得像情书，小女人的楚楚婉婉。后来才知道，张曼娟也是作家。于是，开始计划读她的书，挑了这本很奇怪的名字。《张曼娟妖物志》——写妖物，也写人——最喜欢里边的《永恒遗失│女螺》。张曼娟的文字没有讲过大道理，但是留有思考的余地。“也许错身未知；也许缄封成秘；也许不愿承认，妖物活在你心里。”
书籍,1,最早接触寂地画是在《新蕾》上，后来满心欢喜的买了她的第一本画集《我的路1》很喜欢那种温暖的画风，也很喜欢配画的文字，很细腻，有哲理，让人感觉温馨。后来她出的每一期都买了回来，用四叶草的包书纸包好，这次这一套买了是给朋友的，。朋友看到我有一套《我的路》也很想要，所以让我帮她买。开始会担心里面的附赠品不知道会不会有，看来是有的，朋友收到了很开心也很喜欢
书籍,1,最有价值的就是支撑，压力背后的东西。以及趋势的定义。至于后面的波浪理论以及江恩理论。这些东西都不是大师的实战技术，而是股市失败者的作品。不但没有意义，反而有害！不过总体上书还是不错的。经过完整牛熊市后，感觉学习炒股最重要就是阅读长时间股市成功者自己写的书，其他人总结的书都是垃圾，不但没有好处，反而有害！
书籍,1,最喜歡這部，雖然很是賺走了我的眼淚，發現自己越來越愛看這些悲情的，讓人揪心疼痛的文字，匪大的確是後媽來的，東子對佳期的愛是絕對獨一無二的，可是真愛的未必能在一起，記得那句“那時候年輕，什麼都沒有，可是有勇氣！”現在的自己已經是連勇氣都沒有了，只能看著這樣的小說慰籍自己，愛就是那麼不圓滿，要看得開放得下！難啊，難！
书籍,1,最喜欢里面兔子招惹外星人 还有兔子摞起来和貌似一武侠比武的那篇 太有意思了 我把它拿给室友看 她居然说画这本书的人思想有问题 不禁让我想起前几天在手机报中看到的 关于心理抑郁症的说法：如果看完《找死的兔子》笑的前仰后合说明我们的心理是健康的 我很同意 哈哈 因为我的确看得很过瘾 很开心！佩服作者的奇思妙想...衷心希望心情总是不好的人们能够笑对人生 其实真没什么过不去的坎儿~
书籍,1,最开心的阅读莫过于你看的书和你自己的生活阅历有异曲同工的地方！常常在看书的时候我要拍案叫绝，遥想写这本书的时候作者是在1983年，而我自己的心理发展，从2000年到2009年，居然在很多地方应验了他的理论说明！读他的书，对有心理困惑或力求完善心理人格的朋友，是绝对有益的！比我同时买的那本《一岁就上常青藤》要好上几百倍！
书籍,1,最开始是在机场等飞机时发现这本书的，觉得特别好，就一直站着在那里读，因为机场不打折，所以回家后就第一时间在当当上买了这本书。读过她的好多书，喜欢她也喜欢她的书，知性的美丽，成功的自信，但只有真正读过她的书才知道，所以成功后面也有付出，所有付出都会有回报。女人的美会有很多种，但作者的美丽不但因为青春流逝而减少。忙碌的工作和生活之外，看看这本书，会让你思考很多。
书籍,1,最近在读第二遍。这本书，似乎更详细的在展示各种斗争。分析的很透彻，很明白。有很多道理都是很好的。比如，不是敌人，是双赢。但是，最后的感觉是这本书，太细节了。整整一本书也没有写完一个故事。这让我有时觉得有点烦。虽然知道实际中的情况要比书中更加复杂。但是，还是不想如此仔细的看一个故事。看这个书时，会累。因为真的不想如此复杂。太复杂了。我不是那种复杂斗争的人。
书籍,1,最近有点忙直到昨天晚上读完了整部书，我震撼了特别是读到小狼要要迁移的时候，我才明白什么是倔强什么叫桀骜不驯那到底是一种什么样的性格，直到陈陈不得不亲手杀死小狼的时候，我几乎也差点哭出来，人狼，这是一种什么样的感情。就像别人给的评论一样，狼图腾让人们勇于承认人们自身潜在的弱点，而当今社会人们迫切需要的不正是应该像狼那样的性格吗？这真是一部奇书。
书籍,1,最近因为忙着准备考试，所以没有看太多。不过禁不住巨大的诱惑，看了一些了。我看完了 “贝拉篇”，“雅各布篇”看到了第二章。这样子的写法挺有意思的，虽然已经习惯了是以贝拉的角度来看，但是这样子仔细看看狼人的想法也蛮不错的。真的是很好看，但是现在看着就觉得有的时候真的是挺离谱的，呵呵~不过我还是没搞清楚到底这个结局是不是在这本书里出现~加油啦~好看好看好看！
书籍,1,最近一直在看这本书，我觉得很好。当初只是想看看南怀瑾，但又没耐心去一本本地买，毕竟南怀瑾先生的书都是讲课的内容，比较罗嗦。于是就挑了这本集南怀瑾先生佛、道、儒各种见解的书，开始的时候确实冲着南怀瑾去的，但现在不是了。作者的见解很简洁很明了，让我很容易接受，并且我们看法一致。也许这不是一本让人可以看了又看的书，却是一本让人一见如故的书，这就够了。
书籍,1,最近一直在看，昨天一口气看了3章建议怀孕末期的准爸准妈们都买本来看看通过这本书 了解了孩子的一些行为其实孩子的一些行为不一定就是老人嘴里说的那样孩子每个动作都是主动得表达自己得情感和感觉！作为父母只有了解了孩子的真实感受才能更好的跟孩子沟通！虽然我还没看完 但我觉得孙老师说的真的非常有道理里面的许多个案在我儿子的身上都有所体现！
书籍,1,最近写了一篇此书的读后感发表在报纸上。估计主编发表他是因为他没有看过这本书。其实想让大家没事来看看这本书-----我可不是托啊！只是20世纪现代作家的作品大家目前读的不多。但这些作家的作品却是非常值得关注的。这本书的印刷很好，翻译也算到位。每篇似乎都有可供书写的空白地带，你看完可以随手在书上写写画画。看完书能够在自己的书上题字议论，不亦快哉！
书籍,1,最近受几位老年大学学友的委托，又购买了几本《数码单反摄影轻松入门》和《RAW完全解析》，确实很不错！
书籍,1,最近感觉生活特别累，所以就买了几本书来读。《少有人走的路》这本书，刚开始读前几章时，感觉自己的心情豁然开朗，心情放松了许多，对于工作，对于生活又有了信心。随着后面几章的阅读，感觉这本书有很多地方好像有：话没有说明白的感觉，感觉作者总是把问题阐述一半，就接着进行阐述下面一个问题了。不过，总体感觉还是很振奋人心的，可以启迪人生。有时间再读一遍，古人说：温故而知新嘛~~~~
书籍,1,最近杜拉拉被炒得很火，很多人说她是职场新人的指南，不过我觉得带着一种平静而恬淡的心情来看待这本书也许更合适一点。可能是工作性质的原因，我并没有受益匪浅的感觉。平心而论，说它是一本新型的职场小说，应该来的更为贴切。对于小说的高潮部分，似乎是点到为止，总觉得有点意犹未尽。不过在看的过程中，整个心情还是很不错的。
书籍,1,最近不知怎么回事，出了很多后宫方面的书，看得我这叫郁闷。早就关注大心的这本了，看到上架了马上订货，还好，第二天就送到了。结果看到凌晨4点，为了还能睁着眼上班必须眯几个小时。一句话，太好看了，怎么能这么好看！我也是一直看大心的NP结局，这次可能为了出版吧，还是有些遗憾。看过大心的色遍后，就觉得无法比拟的好看，真希望能出版啊！
书籍,1,最后一章是专门解读儿童经络的，温馨实用，之前买的那本送给了新得了宝宝的亲戚，自己再藏一本继续学习：）P。S。：看到有不少人在车上看书，毕竟颠簸，还是避免吧。祝愿大家都受益。
书籍,1,最好是三本一起看。藏獒2主要是写藏獒与狼的惊心动魄的搏斗。场面非常的宏大，壮观，情节很吸引人。在藏獒救人的情节中，有很多感人的事迹，让人不由得黯然泪下。真的很向往在西结古草原上的藏獒，勇敢，机灵，忠诚。永远都是先人后己，无所畏惧的牺牲自己。特别是大黑獒那日，真的是让人感动，赞叹。还有很多很多的藏獒们为了人类牺牲了自己。品格高尚的藏獒们是大自然赐给人类的精灵。
书籍,1,最初因为书名所吸引，“曾有一个人，爱我如生命”这是怎样的一种爱，这样的爱是太过沉重，还是刻骨铭心？带着这种疑问，用了大半天的时间看完，心里有种说不上来的难受，相爱的两个人竟然连最后一面都没有见到，就阴阳两隔，这份遗憾。。。。。。很喜欢书封面上的话“如果当初我勇敢，结局是不是不一样，如果当时你坚持，回忆会不会不这样”
书籍,1,最初看到这本书，随手拿起来翻了翻……就被其中一个个很精彩的小故事所吸引……然然每个故事后面，还会附上相关的道理在其中！读起来，感觉是一次心灵的洗涮，让我们学会以更好的心态看待生活中发生地种种人情世故……身处在繁忙都市中的人们，很多时候大多忽略了这些最平凡最简单的幸福和快乐……而这本书就是很好的把大家遗忘的幸福快乐罗列出来，释放心灵的枷锁，获取真正的快乐和幸福吧！
书籍,1,最初看《门第》是在报纸的连载上，也是我第一次看连谏的小说。从看了第一集就被它深深吸引，其实，里面的很多故事、很多情节和场景都是发生在我们自己身上，只是我们深思过后发出一声无奈的叹息，然后继续生活罢了。当然，经过之后，我们还会发展，事情往往不会坏到哪里去的，太阳还会每日东升，和煦的晚风也会如期而至。过日子就是这样。
书籍,1,最初读是在小学的时候，看了一遍心中不禁澎湃万分，却只是儿时对英雄的向往；初中时又重读了一遍，初步认识了什么是人间的善与恶、赏与罚；高中忙于考大学虽无暇顾及，但在紧张之余却可拿来玩味；现如今上了大学，时间重新多了起来，买来一本仿佛回到了少年，却又能用更加成熟的心态去审视、品研——MY LOVE!!!不管是印刷还是排版都很好，我看你这字体很不错，紧凑但不拥挤，看着不费力的。
书籍,1,纵然是再娇艳的花朵，作为和亲公主的皖雅，也逃脱不了所谓“贡物”的命运，绚烂一时的爱情，到头来终究抵不上江山一角。爱情，如此完美却又失落，皖雅的结局，苦涩却又实际地描绘了宫廷女子悲婉的一生。看尽世间无限遗憾，只因爱情如此脆弱。三个男人用不同的方式爱着这位花神，她本可换种选择使自己轻松，可她还是执着于她的爱，终究她的爱害了她，爱情总是这么威力无限！
书籍,1,总之，这是一本能让人引发起认同感的、也很有趣、很个性、很像那么一回事的血型书。或许每个人的身上都已不再只是某一种血型的特质，而是在相互的交融、激荡中发生着嬗变。于是，A型的人可能拥有了B型的某种特质，B型的人慢慢也习得了A型的一些模式。毕竟血型也是在不断的进化中，AB型不就是晚于O、A、B新近出现的血型类型吗？到新血型再进化出来的时候，我们一定还会有更新型的血型说明书。
书籍,1,总之，前两位作者写得比较好，即1917--1960年那段史实，之后则所限于国内档案不公开的原因，还是看国外中文互联网的吧
书籍,1,"总有一天,我们会对流逝的时间和消失的往事习以为常.无论和谁,以怎样的方式结束....溺水者怎知道，是哪一滴水要了他的命。。那一天我二十一岁，在我一生的黄金时代。我有好多奢望。我想爱，想吃，还想在一瞬间变成天上半明半暗的云千万人之中，遇到你所遇到的人，于千万年之中，时间的无涯荒野里，没有早一步，也没有晚一不，刚巧赶上了"
书籍,1,总体感觉还是不错的，介绍的比较全面，很多的东西都是其他的书籍上学不到的，可惜就是英文的，在国内关于中文排版的系统理念还未形成，至少关于系统的阐述汉字排版的书籍不多，就是有介绍的也很肤浅，我曾经就搜过n多关于汉字排版的买过好几本关于汉字排版的书籍，但很令我失望，都不怎么样，希望以后中国在这方面多向先进国家学习，完善中文排版一套理论体系。
书籍,1,总是为浑浑噩噩的生活而苦恼，总是因为没有足够的时间而无所适从，时间管理虽说是一些老生常谈的技法，但是坚持下来真的很有效，每当下班回家的时候，都会有一种满足感，是一种发自内心的充实和兴奋。这本书买回家就看完了，再加上执行过程中又进行了温故知新。如果你实在不知道如何安排自己的时间，买一本看看还是有好处的。起码从心里上，你会有工作和学习的欲望。因为时间不会因任何事情而停止。
书籍,1,总是容易被别样的爱情所感隐忍的爱情  结局也是一样的完美如斯喜欢这样的爱情  真的不知道该说些什么我很感谢这些写出优秀的作品  让我感受心痛 甜蜜 羞涩在现实生活中 这样独有的爱情很难吧我有时候真的在做梦可以回到很久以前  可以去爱这样的男子感受这样的男子的心胸气度 感受这样男子的爱恨情仇拥有这样的爱情这种念头或许直至死亡也无法成为现实所以 我沉迷于古代小说 无法自拔  几乎爱恋
书籍,1,总感觉，历史这东西是发生在过去的，已经完成，一切都不可能假设，也无法用想象去还原它的真象。所以，相对于历史小说，我更喜欢的是正史，甚或是野史。买这套书并看它，是一个很偶然的原因。因为要陪领导出趟远差，怕旅途寂寞，顺手拿了一本时寒冰的《中国怎么办》就上路了。而我的领导，不但极其喜好读书，也是一个很有人格魅力的人，却一路横刀夺爱。最后，把书还我的时候向我推荐了《大秦帝国》。一回单位，就赶紧从当当网上订购了这套书。我也算是奉命读书吧，历时一个半月，总算看完了，读得不算细，也不算深，更谈不上透，只简单谈几点感觉吧。从本书的立意来说，正象作者的题记，是要献给中国原生文明的光荣与梦想，他是这样说的，也是这样做的，他毫不吝啬的给予了那个时代无与伦比的溢美之词。我想，在中华文明经历了夏、商、周三代的孕育和发展，到那个时候绽放出了绚烂的花朵，的确是一个充满生命张力、激情梦想迸射的大变革时代，值得我们后来之人永远的去研究和挖掘。虽然作者对自己喜爱的人，对自己喜欢的秦王朝，毫不掩饰的给予美化，稍显有失偏颇，但确实合了他本来的题意，也无可厚非。从本书的结构来说，以从孝公商鞅变法起到秦二世亡国这二百余年间秦国的几个重大历史片断为线索，着重刻画了几位明主、重臣的内心、性格和才具，很有可读性，让人对整个历史过程一目了然，特别是几个重要历史人物给人印象深刻。但是，在很多章节铺排上，让人感觉有些太过松散，有些时候读过去，章节之间的历史年代有所重合，甚至颠倒，我都不知道人到底是哪个年代，经常的是人物与历史对不上号，因为是初读，就不再一一列出具体所在了。不过，这可能是我历史知识匮乏，也可能正是历史小说有别于正史的特征所在吧。要是以后再版的时候，我希望作者在整体布局上能够再紧凑些，在叙事的顺序上能够再简明一些。从本书的内容来说，这部小说真的可以当作一部普及历史知识的好书来读，作者的原意是想尽力给我们还原历史的原貌，以作者渊博的知识、优美的笔触，也的确做到了。书中对先秦诸家的主张、各国风俗的异同、甚至是打造兵器、排兵布阵都给予了细致入微的描写，让我对那个时代有了更为深刻的认识，对我们先祖的聪明才智感到无比自豪。原来我看《英雄》，很为里面的庞大壮观的箭雨阵势不解，以为那是老谋子故意制造出来的视觉效果，现在看来，我们先祖的确曾有那样的辉煌阵容，与古罗马的重装骑兵方阵相比，毫不逊色。但最开始的那些武侠小说一样的情节可能很符合当时那个崇侠尚武的时代，但还是过于夸张了，若能再改动一下，无疑会这部小说更显厚重。从本书的语言来说，作者的文化功底深厚，对语言的驾驭能力达到了炉火纯青的地步。对情节的展开，跌宕起伏，有张有弛；对场景的描写，凛然生动，身临其境；对人物的刻画，形象逼真，真切感人。但也不是没有没有败笔，对很多历史背景的交待，作者显然是怕读者遗忘而不厌其烦的数次交待，因而显得啰里啰嗦，让一些颇有隐喻色彩的章节和片段也变得索然无味了。瑕不掩瑜，无论怎么说，这都是一部很好的历史小说，是作者浸淫十几年光阴而凝结的心血的结晶。我也希望，作者能在以后的修订中不断修改、完善，让这部小说成为传世名作，让中华民族的原生文明再次大放光华，为中华民族的伟大复兴提供强大的精神动力！
书籍,1,总的来说这本书还不错，就是内容好像少了点，看完整本书就一个中心思想，中医方面内容具多，象我们这样没有中医基础的，不会操作也不敢操作；当然，对一些简单的操作可以做，比如现在我每晚都给孩子按脚，刺激眼的位置，主要是俺两口子都是近视，前几天孩子眼皮长了个小白点，就按了两晚上，没有了，也不知是不是按的原因，希望是吧，看看还是有好处的！
书籍,1,总的来说是受益匪浅！看过许多跟中医沾边的书，一直对于自身体质都比较困惑，总是兼具寒性体质和热性体质两者的特点，现在终于知道了，这是湿。原先没想到一些不经意的生活习惯会引起这么多后果，原来身体已经发出了这么多的预警信号了！书中养生有很多是通过穴位实现的，本书关于穴位介绍比较适合没有中医基础的人，可操作性较强。另外还有一些实用小药方及简单的健身方式。开卷有益，值得反复读。
书籍,1,总的来说，这本书如同男主安倍晴明一样，平平淡淡的，波澜不惊。很舒适温暖的FEEL没有大风大浪，尔虞我诈。有的只是午后樱花树下的浪漫情怀！女主没有多能干多聪明，好吃懒做！但不让人讨厌。文中也会有些令人捧腹的话语和想法但是就是由于太平平淡淡了，我都有点想不起书中的内容了，印象不深。作者的文笔不错，人物塑造的很好，没有偏离安倍晴明本来的性格。是一篇绝对的清水文吧
书籍,1,总的来说，这本书还是不错的 质量也可以  内容很精彩 可以开阔大家的视野  送货的速度也很快 —只需3天！不足之处：没有对部分比较难的单词做出注释（有些词一般的字典是查不到的）。有个别的拼写错误虽然这本书美中有不足。但是，本人认为这本书值得读！由于本人也是刚读这本书，暂时不能对这本书的全部情况做到完全把握。本人以后在阅读这本书的过程中会就其的优点和不足及时与大家交流！
书籍,1,字很大，买一本放在家里给孩子查，另一本小的让他带到学校去。从1年级下学期开始老师就要求不认识的字要自己查，问题是作业里的生字太多，孩子的眼睛哪经得起这样折腾。孩子现在二年级，上次检查班上已有不少孩子视力下降，有的已戴上眼镜，所以赶快买上这本大版的字典。各位本爸爸妈妈注意，因为大、小版的页码不同，所以小版的也要买一本放在书包里。学校里老师有时会有查字典比赛什么的，页码不同又麻烦了。
书籍,1,字都打印得很清晰，但也有不少谬误，间隔布置合宜，不会太密也不会太疏。纸面整洁，看起来很舒服，封底面橡胶的厚皮本能有效防止书籍损坏，装订牢实，也方便携带。大爱简爱的英文原著，那种语言魅力胜于言表，男女主角之间的表白倾诉扣人心弦，文字实在太赞，行云流水地写出来深刻细腻，动用大量的比喻以及心理描写让人情与字移。
书籍,1,自由是令人向往的，但是有时我们会很盲目，以为自己的自由就可以代替天下人的自由。自由是什么呢？自由是在不影响他人的自由的情况下的自由。这是一个复杂的体系，非三言两语所能解释的清楚的。但是，我们必须牢牢记住，我们的自由是得之不易的，别人的自由也是神圣不可冒犯的。在尊重自己的时候也得好好的尊重别人，这是我们获得自由的必要前提，也是我们获得自由的重要保障，没有人可以为所欲为。自由是我们人类的重要的福祉，没有自由，我们的个性将被泯灭，我们的行动将被制约，我们的财富也将由于这些而减少。社会的福利由于创造而生，由于无为而灭。谁能够承担得起这样的责任：消灭社会的财富！我们是社会的功臣，更是自己的功臣。我们劳动，生产自己善于生产的东西，交换自己不善于生产的东西，因此，社会的效率提高了。这得益于自由的环境，我们能够自由的生产自己想生产的东西。我们排斥邪恶，它使我们社会的总财富减少，因此，我们限制其自由。其目的是为了更好地发挥自由的功用。
书籍,1,自己在生孩子前后买了好几本育儿书，看下来这本最实用。因为他很体贴，最能消除新妈妈的紧张。新妈妈需要担惊受怕的事情已经很多了。这本书总是说，没关系，这样也是可以的，只要你的孩子常常笑，有活力，不要紧盯着身高体重大便颜色等问题不放。虽然我不喜欢其中有些日本化的语气，但是相比其他的书，他真的很好。日本人做事情真的很体贴的。我们什么时候能做出自己的经典啊～
书籍,1,自己马上就有宝宝了，期待着宝宝降临人世，所以提前看看家教方面的书籍。看了这本书，真的很好。不但丛中可以学到教育孩子的方法，自己也丛中收获很多。犹太民族经历了那么多的战争、追杀、迫害还能依然存在，而且很多犹太人成了世界首富。并在其他领域取得了骄人的成绩，不可以不承认，这个种族的优秀，也不能否认这和他们从小接受的教育存在着重要的关系。这本书值得看值得仔细研究。
书籍,1,自己的体质是什么类型的，该怎样养生，看了这本书让我一下子找到了方向。以前自己的饮食习惯并不合理，多荤腥少蔬果，长期下来得了便秘，非常痛苦。为此养生的书看了不少，但针对性不够强。《中医体质养生》重视个体差异，根据书中的建议，吃了一味中成药，见效很快，也没有产生平时吃泄药的副作用。对体质分析得非常透彻的目前只发现这一本，隆重推荐。
书籍,1,自打买回来以后，六岁的儿子就天天抱着看。书中可爱的动物造型，别致的小贴纸，符合圣经原则的教导，都让他感觉很亲切，很信赖。教会的主日学也可以购买。即使是不信基督教的朋友，让孩子看看这样的书，可以帮助培养孩子养成良好的品德。这本书是西方人写的，由此也可见西方人的价值观——以《圣经》为依据。西方文化的源头，到现在还一代一代的传承，其中说明了什么问题，值得中国家长深思。
书籍,1,准、新妈妈们，推荐你们看看哈！每个妈妈都是有“奶”的，没有哪个妈妈没有“奶”，如果别人说你没有“奶”，或者你感觉你没有“奶”，那都是你没有尽力“下奶”的问题，没有想做一头“好奶牛”我非常坚信这句话。。。支持母乳，母乳是宝宝最好食物；宝宝是非常需要妈妈的母乳，妈妈的“乳房”是宝宝最好的安抚品。。。有了这母乳妈妈的育儿手记，一直支持我走到现在，我感觉非常非常愉悦。
书籍,1,"追源溯流，指明详细出处，提供丰富便证，现每条典故的含义和用法。本词典是我国词典大家族的一个新成员。词典的每一个词条包括语义、典故来源和举例三个部分。英语典故是英语语言和文化宝库中的重要组成部分,是民族文化的积淀和民族智慧的结晶.典故寓意深刻、民族色彩浓厚,具有很强的修辞作用.英语的典故构成形式多样,来源极其广泛.了解并熟悉一些常见的英语典故有助于我们了解英语国家的文化、习俗"
书籍,1,追加几句：有好多真正的大师，是可以作为大师这个称号的标准的，库布里克就是这么一位。假如您误以为今天中国的某位导演也算是大师的话，可以看看库布里克，看看《大开眼戒》，对照一下不太好算的差距。如果哪位导演你真心在有生之年把成为大师作为目标的话，也劝您看看《大开眼戒》，給自己树立一个标竿。
书籍,1,桩桩的文字让人读起来非常舒服，如清泉细流沁如人心，我一直很喜欢。在这本书中也感受到作者的用心，在不断求变求新。作者为女猪设定的前世男身，让我接受了很久，看着总有些别扭。呵呵～故事构架大气而精巧，其中尔虞我诈的算计太多，旁支伏笔也多，更像是一部江湖大戏而非言情，故事中情感描写略显薄弱，这方面个人感觉不如“青萝”。
书籍,1,专心的用一辈子的时间，只爱一个人。这就是爱情中的极致了吧，于是《痴相公》把这样的唯美爱情，一一铺就，浓墨重彩。珍儿与之心，从最初的爱上，到经历了坎坷，抵制了诱惑，始终如一，只深爱对方。爱情中的把持与坚韧，真的太让人感动。哪怕，之心是痴的，那又怎样，他知道如何爱一个人，并且深信不疑，自己的爱可以一心人，共白首。前世的姻缘，现世的婵娟。
书籍,1,逐行逐字看完了步步为营，八个故事里蕴涵的职场哲学让人若有所思。对比小说，回过头看自己走过的路，发现，没有前人的指导点拨，职场这条路是摸着石头过河，是一个人披荆斩棘。幸好，现在看到你还不算太迟。幸好，你照亮我前方幽长的路。
书籍,1,茱莉的生活一下子从繁华的社交界转入了别人眼中劳累而无趣的孤儿院中，她所面对的人也从八面玲珑的成人中转入了困苦无依的孩子们中，她的亲密伴侣从一个人人眼中的有魅力的成功男士变成一个硬直、了无情趣的医生，当中的转变，心情的跌荡起伏很难用三言两语说清楚，偏偏在这本书里，作者用儿童都能明白的浅显语言说了个一清二楚，而且叫人接受这些转变十分自然合理，功力非同一般。
书籍,1,"周五收到?沥川往事?,周六一口气读完,周日不时重新翻读,书中的人物,发生在主人公身上的故事,象一副美丽而伤感的画卷不时出现在眼前,小秋和沥川的故事,那种让人心碎,让人心醉的爱,是每一个女性都梦想拥有的.我深深的陷入小说情节中难以自拔,不原自拔.好久没有欣赏到这么美的情感小说了,感谢作者让主人公的爱情有一个完美的结局,让人们在为他们流过泪后,可以由衷的祝福他们,可以为他们的幸福欣慰的笑了."
书籍,1,周老师的书绝对值得一读，本来我是对读书随笔这种东西不感冒的，但是，翻开周老师的书，看看她都读了什么，通过她的读书时的感情，了解、触摸到一个严肃、深刻的世界，难道不是一件有趣的事么？周老师说，这是界定真正的读书人的一本书，它将把那些怀着浮夸、肤浅、功利心理的伪读书人隔绝在外。她谦虚地说自己写得不好，但其中介绍到的的书却都是耐人寻味的经典。所以，读一读这本书，把自己和书关起来。
书籍,1,重新喜欢上明晓溪的作品，重新回到梦幻的世界里。感觉真好。高中的时候超级喜欢明晓溪的作品。尤其是水晶般透明系列，看了超级有感觉。大一的时候，在宿舍还有说到泡沫之夏。本以为同学不知道，结果却出乎人意料：每个人都说得很起劲。不是单纯的谈情说爱。里面的人物可以反射到自己生活中。里面的爱情&#183;&#183;&#183;&#183;&#183;&#183;&#183;&#183;
书籍,1,重温三毛，让我更加喜欢她的率直和对爱情的真诚。三毛离开了我们的视线，但是喜欢她的人不会因此而将她忘记。所有的感动依稀在脑海回荡。这种气息是在现在的作品中很难捕捉的到得。也许，正因这个世界变的如此虚幻，所以喜欢真实的人们，更加怀念三毛。
书籍,1,终于与儿子一起读完了草房子，儿子只有六岁，有些章节我没有读给他听，但是从故事一开始，他就被草房子里的桑桑、秃鹤所吸引，我也一样，虽然记忆中的童年并没有书中那么美丽忧伤，但是童心未泯的我，与儿子一起进入了草房子和油麻地小学。作者文笔极为细腻，跟着他的描写，就觉得心中那么轻松的抛开了一切，进入他的世界。所以，我向大家郑重推荐此书，尤其适合四五年级的小学生，会对他们的写作水平有帮助的。
书籍,1,终于认真看完了，哈哈比《男人来自火星，女人来自金星》内容更全面，文字也更有趣！既有实用性，又有可读性！
书籍,1,终于买到心心念念的书了，就因为当初的一念，以至于等到这套书时，已经过了很长时间，不论因为什么原因，当我发现当当又有了这套书时，便毫不犹豫的写了订单。我想这是相当有意义的评吧，在我买了这么多书后，这是我的第一个评论，不知道为什么，只是被蕊蕊所打动吧，爱的绝然，爱的一无返顾，有时候回忆，总是在感叹，像燕王朱棣这样的人，爱耶？恨耶？曲曲折折，幽幽怨怨，情爱两重天，于我，动心不已。
书籍,1,终于可以打分了，打五星吧，实在太喜欢这本书了关于彭老这本书，个人认为怎么赞美都不为过。原因有三：1.语言通俗易懂、浅显易懂，容易阅读理解2.理论深入透彻，直指中医本质。3.内容系统完整，层次分明
书籍,1,终于看完杜拉拉2，感觉有种狐尾续貂。里面的理论对刚进入职场的新手来说实在太深奥。宽带薪酬，测评系统等全部是HR的内容。题目真的不应该叫杜拉拉升职记。可以换成HR方法大全？人物也越来越多，越来越不相干。最后的结尾更难让人明白，别再写杜拉拉三了，佳作就是这样写续写续写废的。就像是还珠格格系列
书籍,1,终于等来了结束，一切的迷题也都解开了。无论是他，或是他？这篇是增加了许多玄幻在里面的。话说虐了这么久也该结束了，不然实在对不起观众。“知错能改，善莫大焉” 是这样的意思么？呼呼，就让一切重新开始，承着彼此心中的眷念去展开新的历程……从此，我的眼前只有你，你的背后总后我。
书籍,1,终于把这本书买到手了，封面很有感觉，书做得也很好，编辑们辛苦了，一定会好好收藏的，这里面举的很多案例我身边都有可能发生，对我真的很有借鉴意义。也推荐大家都看看，在职场里，这里有太多可以学习的东西。
书籍,1,终于，萌发了要买哥们儿实体书的念头，当然首选就是四面墙了，结果缺货，只好退而求其次，买了背叛和外遇。外遇还没看，不敢瞎说。
书籍,1,中华民族历史悠久，很赞同这样的看法：学成语，是学古文化的一种好的方式。成语里有文学、历史、军事与哲学，小孩子喜欢的是故事、情节，通过对比学习，不仅让孩子听了故事，同时让他们牢牢掌握了一些成语。小的时候我就很喜欢那些出口成章、成语就在嘴边的那些人。长大了就开始通过各种手段自学、或者从别人那里学习。不仅我要学，孩子长大了，也让他学。
书籍,1,中国也出了一本情感的书，看完了，很不错的一本让女人更加了解男人的书。本人阅读的时候，就有很多同感，因为是里面有提的行为，我作为一个女性的角度，几乎都有，而且很贴切。也让我的眼界放宽了，看到了很多男人和女人不同的东西。看待事情也不会像以前那样的主观了，此书值得一看，作为一位现代女性，不独这本书的话，有点遗憾。因为你已经与社会脱节了。
书籍,1,中国古代诗词由于用语都比较含畜、精炼，欣赏起来需要安安静静的环境，而作为它们的载体，一本书的印刷、装订质量的好坏，相对于其他类型的书而言，更会对读者产生更直接的影响。这本书真的只能用精致两个字来形容，如果改版的时候再适当配以精美的插图，那就简直可以说是完美的。另外：惊喜的发现这本书的页码居然是仿古形式的汉字，更添了一种古香古色的美，实在是好！
书籍,1,智永千字文是千字文中的上品，即使这样，当前的许多出版社也因种种原因，将它印制的很差劲。而本集字古文，主编、印刷的水平很高——因为我同时买了几个类似的版本，上海书画社的是最好的。集字古文的排版是一个很专业的工作，不是很高艺术素养的，绝对做不好。以前我见过很多集子，这一本，书法布局浑然一体，几乎感觉就是智永创作的一样。
书籍,1,质量不错，适合3岁左右小孩玩。每一页边上都有已经打好的虚线孔，直接将页面撕下来就行，都是很简单的手工，练习孩子剪图形，折纸。我儿子3岁半，特别喜欢做，就是用剪刀用不太好，正好练习啦。有些东西做出来“实用性”还挺强，像太阳帽，刚好能戴在儿子头上，拖鞋，他也刚好能“穿”，儿子自己还说呐“大小正合适”，呵呵。让他练习手工的同时还有很多乐趣，超喜欢。
书籍,1,"职场=战场,绊马索和暗箭,着实防不胜防,但是不做到这些,一定会影响正常工作的开展,为了自己的工作、职位、薪水、地位，我们前赴后继，勇往直前！先知先觉是领导者，后知后觉是追随者，不知不觉是淘汰者！看了《步步为营》后，毫不夸张地说，出了一层细细的冷汗。职场真是不见硝烟的战场，一步步都得稳扎稳打，但是职场里也未必没有真情，相对于这些沉默里的刀光剑影，我庆幸我身在一个单纯而善良的团体里。"
书籍,1,值得一看，书里提出的问题值得思考，说的不无道理。个人支持本书的思路。因为比较激进，使很多人不舒服，但是这种“激进”却是现在社会主流、精英们所缺乏的，民间正暗自涌动着的。个人认为高层领袖应该认真考虑书里的看法，我认为方向是对的，具体的做法可以更委婉一些，细致一些，使之更具有可操作性。而本书比较大的问题是具体的行文，其句子间的逻辑稍显混乱，论据支持还可在进一步加强。
书籍,1,值得推荐！与此同时购买的还有东野圭吾的《白夜行》，与女法医这本书相比，白夜行太一般了。《首席女法医》情节描述精彩，读起来顺畅，案件结尾完全出乎意料，且案中套案，引人入胜。对犯罪的描述一直采取厌恶和鞭挞的态度，不象日本推理小说，分不清他们的价值观到底是向着哪一边。所以也可以推荐给中学以上的学生阅读。
书籍,1,值得所有中国年青人好好思考的一本书，似乎讲的道理多是太过理想的言论，太过脱离大众实际的层面，其实不然，当今的国人，就是太过实际，年纪轻轻就现实到一心一意赚钱过日子人生中真的应该有些无关物质，无关利益的追求，其实每个人在年幼时都是有过的，只是现在那段记忆结束得越来越早了当每个人走到人生终点时，才会发现你记得的只有那些单纯而不实际的时光，留下的只有那些曾感动过自己的记忆
书籍,1,值得首提的是，《哥哥不是吹牛皮》这书名起得尤其好。虽是描述建国后的历史传记，但是读起来却没有想象中的严峻和沉重。文如其人，安哥乐观的生活态度让他写出如此生动感性的好文章。没有战争场面的出生入死，没有文革的惨淡经营，安哥写的，只不过是历史下的众生相，悲苦的，乐观的，勇敢的……厚厚的一本传记，却给予我们很多读者很多的精神力量。真真不错的一本好书！
书籍,1,只能说画得不错。是连着《我爸爸》《我喜欢书》这两本一起买的，这三本书内容都一样的模式，感觉不是很好。而且两岁半的小朋友不理解，为什么爸爸为什么又变成黑猩猩了，为什么又变成歌唱家了。所以家长在给孩子讲这本书的时候不能按书上的字讲，最好是看图说话，比如变成歌唱家的那张图，就讲说：“爸爸唱歌好棒呀，象歌唱家一样唱得好。本来希望三本能不一样呢。不过书里说的话还是挺让我感动的。
书籍,1,只看过西西的《解体》。印象已经不深了。记得要不就是标点很少，节奏很快；要不就是标点很多，停顿太多。还是一个比较有才华的女子。
书籍,1,之所以买这本书，是因为这次实习我要跟着老师下乡，去随州作调查，我准备做关于农村留守妇女社会交往的主题，所以买了这本书先了解一下。看过之后，确实有挺大触动的，随着青壮年男性劳动力向城市流转，留守妇女的生活开始发生质的转变，这其中有喜悦，也有不为人知的苦涩。推荐大家读这本书，特别是女性读者。同为女人，我们应该感受到更多......
书籍,1,之所以看这本书，是因为看过“安意如”系列之后有一种连锁反应，只道是意犹未尽。不觉得就开始关注这类图书。爱上了中国的古典诗词，想要了解的更多，知道的更多一些。这本书中，每每读来就像是一个唯美的故事，有时不免沉醉其中久久不能自拔。其实说是故事，不如说是“诗词历史”。过于历史，总觉得太过于血淋淋了，忽然用这么淡淡语言诉说，自是有另一番韵味。
书籍,1,之所以发现民国这段历史光怪陆离，非常感兴趣，还是因为看紫釵恨的长篇网络小说《长风》，里面描述的乱世之中，各方勾心斗角、嘻笑怒骂、啼笑皆非的场景让人实在忍俊不禁，不时捧腹大笑。正是因为看小说，看得拍案叫绝，才发现原来民国这段历史居然也是如此有趣，发人深省。建议大家先仔细阅读《长风》，然后再看此书，两相映照，相映成趣
书籍,1,之前在网上已经看过了，买回来是想收藏的，本来不想再看了，不是因为不好看，而是因为怕再次伤心，上次看完，之后的一个礼拜我都沉静在那挥之不去的心痛和伤感中，但是这次还是不由自主的翻开了，也许一切都是命运的安排，凝夕和司夜两个就像夕阳和夜晚，永远不能共存，两个不懂爱的人在彼此的伤害中感受爱，也许从凝夕出生开始她就注定要像樱花凋谢那般死去~~美丽还惨烈.....
书籍,1,之前一直知道国学之重要，也看了不少书，但是自从开始读这本书之后，才深深地感觉到其实国学是如此的强大的啊！我现在读大二，以前读的国学资料大多都是应付考试，但是这本，读起来分外有感觉。的确，书中讲的道理很多其实是那么的“简单”，但是要做到，必须从每一天做起，从每一个行为，从每一个思想做起！一个人真正的强大，我想很大部分就是这些内在的品质！我看了还送了同学一套呢！真的，值得拥有！
书籍,1,之前一直在看《咕噜咕噜转》孩子很喜欢，有一周时间了，自己总是翻看着，自己讲着。第二本《斯凯瑞最受欢迎的故事》拿出来，贝贝好兴奋，故事前前后后讲了两三遍，感兴趣的几篇讲了无数遍，万能修先生，会说话的面包，墨菲警官这些都是他常挂嘴边的，篇篇故事都生动，画面表现到位。这两本真是不错。
书籍,1,之前是看过推荐，才想到要买，拿到书后，先囫囵吞枣大致看了一下，除了觉得画面十分精美之外，看不懂什么意思！我当时还颇有些失落，在下班的车上，我又细细看了导读部分才“恍然大悟”（每次看绘本时，都要看看导读，要不然理解不上去，惭愧！）到家后，小儿大致翻看一下，说没意思，于是我就引导他一起看，这回感觉就不一样了，其实只要你用心去发现，就会发现每页的每个小角落，都是作者的精心设计，很棒！
书籍,1,之前买了一本，送朋友，拿到手后自己很喜欢，就又下单买了一本。书的质量真的不错，只是不知道是不是在运输过程中碰撞的关系，有破损。希望当当加强送货时包装的强度。
书籍,1,之前买过一本UK版TWILIGHT 三联买的 109好像太贵了啦！那时太想买了现在看到当当才280，立刻没犹豫就买下刚好放假了 等的那叫一个焦急连睡觉 散步都把手机拿着 生怕漏了送货员的电话唉唉唉 6天后终于来的货 我在顺德 和过几天卓越订的货一起来 估计是送货员偷懒出乎意料 这本twilight比UK 大开很多 纸质也很好的 淡黄色 问起来也很好闻很高兴啦，如果除去等待的痛苦不说……
书籍,1,之前看评论有说收到的书箱子坏掉了，也有些担心，呵呵！不过寄来的箱子真的很好，跟之前金庸全集的箱子一样好。对我来说书的大小也适中，因为我就是喜欢小版本的图书，之前也收了一套唐码的世界名著口袋本。说机器猫哈，印刷的也很好，每本的封面跟之前的老版也一样，里面的东西有人说每本都有一两处变的，惭愧~我没看出来，可能之前就没看全过吧！对我来说我是非常喜欢了！
书籍,1,之前看过电视剧《双面胶〉，所以买了《蜗居〉回来看，一口气读完后，感慨为什么是悲剧结尾。在读大学的时候，我总是认为世界上只有黑色和白色。步入社会后，发现更多的地带是灰色。小说中的宋，除了已婚的家庭背景，和海藻是那么般配。海藻也在宋的呵护下，充分满足精神上和物质上的满足。虽然小贝的离去让人失望，但本以为能以大欢喜结尾，但道德上告诉我们情妇总是不能欢喜得过一辈子。期待电视剧版的《蜗居〉
书籍,1,之前很喜欢明晓溪的书，之前没买过，只买了这一本！书的质量挺好的，但是基本上全是连载，没办法，就只看了几个后面的小故事，感觉一般啦！要想看完这些连载估计还要买很多的书，所以一下子就没了兴趣，因为在看最小说嘛！而且在这两本杂志中，最小说是不可撼动的，所以不准备再买了，就让它继续待着吧！但对这本书还是肯定的，有喜欢明晓溪的朋友还是尽情的支持吧1真的很有明晓溪的特点！
书籍,1,正在为与22岁的儿子沟通障碍发愁，发现了这样的一本好书。我是第一次读龙应台的书，流畅的文笔，深深的内涵，对儿子的关爱，平等的推心置腹，思想观念的碰撞火花竟然这般的美丽而感人。佩服，欣赏！两代人之间的鸿沟在优美的文字中慢慢地弥合，让我回味、思考了很多。推荐给我的儿子、朋友们。
书籍,1,正如作者自己所说，写一本普及型的教材很难。既要避免浅薄，又要防止过于深奥。该书总体上说，做到了深入浅出。不过，感觉作者的引经据典似乎让人有种混乱的感觉，比较难以让人把握作者的逻辑思路。该套系列的书应该都不错。看了社会学是什么，再来看这本书，有一种感觉，社会科学的学科是人为划分出来的，学社会科学的人，没必要只局限于自己所学的那个学科，应该涉猎其他的学科与门类。这样才有利于提高自己，完善自己。另外，该书的作者王铭铭有件众所周之的不光彩的事。不过，这丝毫不影响我们对他著作的学习啊。
书籍,1,正如书的名称，三毛的这本早期作品不同于后期成熟后那个乐观坚强的三毛，而是记录了当三毛还是二毛时的经历，心境，是她年少时那个爱做梦，有些神经质，伤感的雨季的缩影。也许成就并不是很高，然而喜欢三毛的朋友却可从中窥见那个让他们着迷的女子是怎样成长起来的。而正处于那个生命阶段的读者也许会产生共鸣，发现原来他们在这个时候的想法并不是孤独，没有人明白的。
书籍,1,正如黄河是中华民族发源地一样，美国的密西西比河堪称美国精神的熔炉。马克&#183;吐温通过《哈克流浪记》这本书刻画了美国精神的渊源：作者以朴实的语言描绘了密西西比河梦幻般景致，又以幽默甚至是辛辣笔调歌颂了男子汉的成长，以及自由、梦想与冒险精神乃至牛仔作风的源流。因此，尽管名为儿童文学，但称得上美国历史最好一部文学作品。小时读过，倍敢今天男子汉气不足的少年更应看一看。
书籍,1,正如标题一般，如果要给王小波冠以什么名号，不如就称他为“一只特立独行的猪”王小波一直是一个有争议的作家，但你不得不承认他的天马行空的才华，和不同于世俗甚至有些惊世骇俗的观点和想法。他是一个用笔思考、用生命思考的作家。读他的文字，感受生命的重量，实在是一件幸福又痛苦的事。好了，不多说，走进王小波的精神家园，看看他怎样想，怎样活。
书籍,1,正愁不知道如何同孩子沟通学习问题时，朋友推荐了这本书！当我细细的品味内容时，突然发现很多反而的例子都是我小时候经历过的，很庆幸地是，我目前还没有被那些反例引着走，也可以说我孩子是幸运的！一句话，有很多种说法，但每种说法、语气所表现出来的意思和味道都不一样了，本书中正例和反例相比较，让你学会“说话”我已阅读二遍了，第二遍主要任务在于把书给读薄了，便与第三次的阅读！
书籍,1,正本书是同事让我代买的，她是位国家二级心理咨询师，同时她又是位很称职的妈妈，她女儿刚满4岁，按她的话说这个年龄是接受家庭教育的好时机，她常会买些儿童看的书给孩子阅读。我同事说这本书的内容围是围绕着作者女儿成长的经历写的，其中，作者的做法对家长们在家庭教育上有一定的借鉴作用，一般可阅读到到孩子上学后，还是比较值得购买的。
书籍,1,整体来说，相当不错的作品在细节的处理上很是到位完全没有被算计，被蒙蔽的感觉这个和看《姑获鸟之夏》是完全不同的《姑获鸟之夏》的解释非常牵强勉强，而且全是些莫名其妙的巧合《X的悲剧》却是有理有据，看得热血沸腾，心悦诚服被作者精湛的推理，严密的逻辑所折服最重要的是，收尾时的前后呼应，很对我的胃口对于“X”的解释，同样石破天惊不后悔买了这本书
书籍,1,整体来说，本书还是不错的。至少在书中描述了许多现实中存在的司法系统方面的问题，这是值得每个法律工作者去思考的。尤其是让那些涉世不深的想加入到律师队伍中的年青人，看到了社会特别是中国司法界真实的一面。缺点是：书中引用了大量的法律条文和司法解释，对于已经是律师或有一定工作经验的法律工作者来说有点多余，而且所占的篇幅不少，有凑字数的嫌疑。整体来说还是不错的。不要对一本书提太高的要求。
书籍,1,整个看完，故事中的那种情感让人感觉压抑，久久不能释怀，我想正是作者的性格才让她创作出这么一本极具特色的书，作者对人生的感悟，理解都包容在这本书中了，有时候我会去想象作者的人生，那该是个什么样子的呢？如果更多点快乐，积极，乐观，她就不会那么早地离开人世，不过如果是那样快乐，积极，乐观的性格，或许，应该是绝对就没有呼啸山庄这本书了，她像昙花，把所有的绚烂在那一瞬绽放
书籍,1,整本书由短小的有趣小故事组成。因此不受连续性的限制，你想什么时候读都可以。尤其在办公室工作时间很长或者想思想上逃离办公环境的话可以偷偷的看一两则小故事，那种感觉真爽，同事都不知道你在笑什么。不过，整本书看下来，能让我开怀大笑的也就2、3处，不过足以~~~~在现在的生活环境中能有几时开怀大笑呀~~~最后，本人想说，此书适合比较有童心的人阅读~~~
书籍,1,真正算是一部极具代表性的人物传记，随着笔者的一点一滴的记述，去观看索罗斯一生的成长足迹，半个多世纪，一个在金融界摸爬滚打的传奇人物，人生的大起大落，真正教给我们正确的人生观，价值观。教会我们怎样洞察纷繁复杂下的规律，怎样面对财富的剧增或是暴跌，怎样将理想与事业有机的结合在一起，去创造属于自己的辉煌传奇。“洞悉混乱，你就可能变得富有。”———《索罗斯传》睿智而英明。
书籍,1,真想把一套看完之后再写评论，不过“当当真诚邀请”，呵呵其实想想这本书确实也值得写，刚看的时候觉得这本书是“盛名之下，其实难副”，比我想象中的平淡，但是看着看着就觉得想看下去，和我们记忆中的那个明朝的开国皇帝朱元璋并不太一样，大家都知道他在建国之后是如何对待以前的战友的，可是看了这本书觉得这人还挺符合一个皇帝的标准的。哈哈，以皇帝的标准看问题
书籍,1,真是一套好书。我的女儿优优28个月了，喜欢听我给她讲故事，家里也后好多故事书。那天晚上下班把书拿到家，优优在玩，我拿出一本“汤姆走丢了”给她讲，她一下子就被吸引住了，站在沙发旁静静的听着，当听到汤姆找不到妈妈哭了的时候我看见优优的眼睛里也浸满了泪水……在这以后优优几乎很少看别的故事书，天天缠着我给她讲这套书。画面明快，又不失细节，故事内容很符合这个年龄段的孩子。
书籍,1,真是一本让人拿起来就不认放下的好书，语言通俗易懂，没有什么让人感觉晦涩难懂之处，看了以后感觉触目惊心，迫不及待的向家里人大作宣传。原来我们看到的花花绿绿包装下的那些美丽食品竟有着如此多的内幕，仔细记下书中的点点滴滴让我明白了怎样才能冷静客观的选择健康食品，尽量避免把垃圾食品带回家，从此以后我再买东西时都更加留心食品配料表，真是明明白白购物了！
书籍,1,真是太爱史蒂夫了，能够这么洞悉女人心态和秘密，还把男人的心理也全盘托出，又还这么风趣幽默，难怪那么多和他上过床的女人分手后还和他是好朋友，希望他能活的久一些，因为史蒂夫能够带给她们快乐( ⊙ o ⊙ )啊！史蒂夫很棒很帅，适合做好朋友，一旦结婚应该也是个不错的老公！发现世上所有的男人都差不多，原来老外男人也最喜欢女人牛仔裤、T恤衫、马尾辫，不管你多大年纪，(*^__^*) 嘻嘻……
书籍,1,真是不敢相信，曾经那么相爱的人，也会在时间的长河里越走越远。故事的结局是他们离婚了，但这并不是唯一的。男主角在强大的诱惑下没出轨，这也不是唯一的。他们离婚的原因是大家都累了，再这么纠缠下去，会有更多的人为此伤心。于是，男女主角最后想开了，离了。但在我们的生活中，有太多的男女主角想不通，为了沉重的虚名而勉强生活在一起。是离，还是不离，这真是个难以回答的问题。
书籍,1,真人真事真感情，同时代的人与事。净化心灵，公众人要有净化社会心灵的责任感。刘德华是佛教徒，喻可欣也是佛教徒，佛陀的精神拯救了二人的个人人生痛苦。精采语：刘德华悟到：“一念天堂，一念地狱。”喻可欣悟到：“心无挂碍，无挂碍故，无有恐怖”（摘录情海星空一书）此书是真情所写，一分真诚一分可贵。我喜爱此书的原因在此。我已收藏此书。
书籍,1,"真没想到我每次在当当网上精心为儿子挑选的图书,他都非常的喜爱,这一次也不例外,他很喜欢小嘀咕,每天晚上睡觉前及早上起床后,必定会缠着我给他读;无论他在哭闹还是在跟他爸玩打仗的游戏时,只要我一说小嘀咕,他就会放下手上的东西或停止哭闹,说:妈妈你现在就给我讲小嘀咕,我很喜欢它.他熟悉到可以把书背出来了.这真是一本很不错的书,图画的色彩稍微差了一点,但很值得推荐给大家!"
书籍,1,真没想到我会看着看着就哭了~如果说第一本书《暮色》给我的感觉是甜蜜，那么这一本书就是悲伤。从爱德华转身离开贝拉的那一刻开始，贝拉心被掏空了，而我也难受到了极点。很奇怪，这本书的描写很贴近我们谈恋爱时的感受，简直太真切了。贝拉出现幻觉时，我觉得她已经有点疯了，已经失去自我了，爱德华带走了她的一切，她甚至用伤害自己的方式来换取一瞬间爱德华的幻觉，可怜的女孩啊！我们在谈恋爱时，不也曾这样迷失过自我么？在查理向爱丽丝描述贝拉刚失去爱德华时的表现，我的心不停在抽痛，太可怜了，贝拉！我用了三天的时间把这本书完整看完，哭了大半天，描述得太真切了！
书籍,1,真的是不错，我给2岁半的儿子买的，开始还有点担心，觉得这每本书都有近30页，会不会太长了。担心他坐不住，结果，念完一本又一本，一晚上要读完5、6本时，首先受不了的就是我了。书很有意思，经常被逗得咯咯直笑，有时又紧张的不行。推荐给同事，她给自己6岁的女儿了，能够自己阅读，也非常喜欢。难怪是好几周的销售冠军呢。
书籍,1,真诚坦率的讲述了自己，不仅仅有光纤的一面还有猥琐的一面（因文化差异导致的放荡行为让人不能接受和理解！抱歉雅尼）。他混沌过，也颓废过，但是关键时刻他总能找回自己－本质的自己!他最终的成就归公于超强的自我控制力和专注力，几乎是常人难以想象和理解的！也许，没有这样的付出和坚持，不可能创造奇迹。这本书让我认识了雅尼，也深深认识到成功所需付出的代价。渴望成功而又没有方向的人该看看。
书籍,1,這是一個偉大的人，絕對可以用這個詞來形容他：葛瑞格.摩頓森我覺得他完全有資格得諾貝爾和平獎。平凡的他卻做著不平凡的事，且十年如一日的堅持，很難不被他的這種執著打動。他讓我們知道了人性的另一個閃光點！敬上第一杯茶，你是一個陌生人；再奉第二杯，你是我們的朋友；第三杯茶，你是我的家人，我將用生命來保護你。在這個另人感動的友情世界里，陣陣茶香撲面而來，清香襲人